[[{"shape_type": "square", "color": [75, 0, 130], "free_edges": {"2": [[400, 400], [300, 400]], "3": [[300, 400], [300, 300]]}, "all_edges": {"0": [[300, 300], [400, 300]], "1": [[400, 300], [400, 400]], "2": [[400, 400], [300, 400]], "3": [[300, 400], [300, 300]]}, "index": 0, "circles_attached": 1, "p1": [300, 300], "p2": [400, 300], "p3": [400, 400], "p4": [300, 400]}, {"shape_type": "triangle", "color": [75, 0, 130], "free_edges": {"1": [[400, 300], [350, 214]], "2": [[350, 214], [300, 300]]}, "all_edges": {"0": [[300, 300], [400, 300]], "1": [[400, 300], [350, 214]], "2": [[350, 214], [300, 300]]}, "index": 1, "circles_attached": 0, "p1": [300, 300], "p2": [400, 300], "p3": [350, 214]}, {"shape_type": "circle", "color": [75, 0, 130], "free_edges": null, "all_edges": null, "index": 2, "circles_attached": 0, "center": [400.0, 350.0], "radius": 50}], [{"shape_type": "square", "color": [255, 255, 0], "free_edges": {"2": [[400, 400], [300, 400]], "3": [[300, 400], [300, 300]]}, "all_edges": {"0": [[300, 300], [400, 300]], "1": [[400, 300], [400, 400]], "2": [[400, 400], [300, 400]], "3": [[300, 400], [300, 300]]}, "index": 0, "circles_attached": 2, "p1": [300, 300], "p2": [400, 300], "p3": [400, 400], "p4": [300, 400]}, {"shape_type": "circle", "color": [255, 255, 0], "free_edges": null, "all_edges": null, "index": 1, "circles_attached": 0, "center": [400.0, 350.0], "radius": 50}, {"shape_type": "circle", "color": [75, 0, 130], "free_edges": null, "all_edges": null, "index": 2, "circles_attached": 0, "center": [350.0, 300.0], "radius": 50}], [{"shape_type": "square", "color": [75, 0, 130], "free_edges": {"2": [[400, 400], [300, 400]], "3": [[300, 400], [300, 300]]}, "all_edges": {"0": [[300, 300], [400, 300]], "1": [[400, 300], [400, 400]], "2": [[400, 400], [300, 400]], "3": [[300, 400], [300, 300]]}, "index": 0, "circles_attached": 1, "p1": [300, 300], "p2": [400, 300], "p3": [400, 400], "p4": [300, 400]}, {"shape_type": "circle", "color": [75, 0, 130], "free_edges": null, "all_edges": null, "index": 1, "circles_attached": 0, "center": [400.0, 350.0], "radius": 50}, {"shape_type": "square", "color": [255, 255, 0], "free_edges": {"0": [[300.0, 200.0], [400.0, 200.0]], "1": [[400.0, 200.0], [400, 300]], "3": [[300, 300], [300.0, 200.0]]}, "all_edges": {"0": [[300.0, 200.0], [400.0, 200.0]], "1": [[400.0, 200.0], [400, 300]], "2": [[400, 300], [300, 300]], "3": [[300, 300], [300.0, 200.0]]}, "index": 2, "circles_attached": 0, "p1": [300.0, 200.0], "p2": [400.0, 200.0], "p3": [400, 300], "p4": [300, 300]}], [{"shape_type": "square", "color": [255, 255, 0], "free_edges": {"0": [[300, 300], [400, 300]], "3": [[300, 400], [300, 300]]}, "all_edges": {"0": [[300, 300], [400, 300]], "1": [[400, 300], [400, 400]], "2": [[400, 400], [300, 400]], "3": [[300, 400], [300, 300]]}, "index": 0, "circles_attached": 0, "p1": [300, 300], "p2": [400, 300], "p3": [400, 400], "p4": [300, 400]}, {"shape_type": "rhombus", "color": [0, 0, 255], "free_edges": {"1": [[400, 400], [350.0, 486.6025403784439]], "2": [[350.0, 486.6025403784439], [250.0, 486.6025403784439]], "3": [[250.0, 486.6025403784439], [300, 400]]}, "all_edges": {"0": [[300, 400], [400, 400]], "1": [[400, 400], [350.0, 486.6025403784439]], "2": [[350.0, 486.6025403784439], [250.0, 486.6025403784439]], "3": [[250.0, 486.6025403784439], [300, 400]]}, "index": 1, "circles_attached": 0, "p1": [300, 400], "p2": [400, 400], "p3": [350.0, 486.6025403784439], "p4": [250.0, 486.6025403784439]}, {"shape_type": "rhombus", "color": [0, 0, 255], "free_edges": {"0": [[400, 300], [486.6025403784439, 350.0]], "1": [[486.6025403784439, 350.0], [486.6025403784439, 450.0]], "2": [[486.6025403784439, 450.0], [400, 400]]}, "all_edges": {"0": [[400, 300], [486.6025403784439, 350.0]], "1": [[486.6025403784439, 350.0], [486.6025403784439, 450.0]], "2": [[486.6025403784439, 450.0], [400, 400]], "3": [[400, 400], [400, 300]]}, "index": 2, "circles_attached": 0, "p1": [400, 300], "p2": [486.6025403784439, 350.0], "p3": [486.6025403784439, 450.0], "p4": [400, 400]}], [{"shape_type": "triangle", "color": [255, 255, 0], "free_edges": {"1": [[350, 213], [400, 300]]}, "all_edges": {"0": [[300, 300], [350, 213]], "1": [[350, 213], [400, 300]], "2": [[400, 300], [300, 300]]}, "index": 0, "circles_attached": 1, "p1": [300, 300], "p2": [350, 213], "p3": [400, 300]}, {"shape_type": "rhombus", "color": [255, 255, 0], "free_edges": {"0": [[299.8285837000366, 126.49665332222247], [350, 213]], "2": [[300, 300], [249.82858370003655, 213.49665332222247]], "3": [[249.82858370003655, 213.49665332222247], [299.8285837000366, 126.49665332222247]]}, "all_edges": {"0": [[299.8285837000366, 126.49665332222247], [350, 213]], "1": [[350, 213], [300, 300]], "2": [[300, 300], [249.82858370003655, 213.49665332222247]], "3": [[249.82858370003655, 213.49665332222247], [299.8285837000366, 126.49665332222247]]}, "index": 1, "circles_attached": 0, "p1": [299.8285837000366, 126.49665332222247], "p2": [350, 213], "p3": [300, 300], "p4": [249.82858370003655, 213.49665332222247]}, {"shape_type": "circle", "color": [255, 255, 0], "free_edges": null, "all_edges": null, "index": 2, "circles_attached": 0, "center": [350.0, 300.0], "radius": 50}], [{"shape_type": "square", "color": [148, 0, 211], "free_edges": {"0": [[300, 300], [400, 300]], "2": [[400, 400], [300, 400]]}, "all_edges": {"0": [[300, 300], [400, 300]], "1": [[400, 300], [400, 400]], "2": [[400, 400], [300, 400]], "3": [[300, 400], [300, 300]]}, "index": 0, "circles_attached": 1, "p1": [300, 300], "p2": [400, 300], "p3": [400, 400], "p4": [300, 400]}, {"shape_type": "square", "color": [255, 127, 0], "free_edges": {"0": [[400, 300], [500.0, 300.0]], "1": [[500.0, 300.0], [500.0, 400.0]], "2": [[500.0, 400.0], [400, 400]]}, "all_edges": {"0": [[400, 300], [500.0, 300.0]], "1": [[500.0, 300.0], [500.0, 400.0]], "2": [[500.0, 400.0], [400, 400]], "3": [[400, 400], [400, 300]]}, "index": 1, "circles_attached": 0, "p1": [400, 300], "p2": [500.0, 300.0], "p3": [500.0, 400.0], "p4": [400, 400]}, {"shape_type": "circle", "color": [255, 127, 0], "free_edges": null, "all_edges": null, "index": 2, "circles_attached": 0, "center": [300.0, 350.0], "radius": 50}], [{"shape_type": "square", "color": [75, 0, 130], "free_edges": {"0": [[300, 300], [400, 300]], "2": [[400, 400], [300, 400]], "3": [[300, 400], [300, 300]]}, "all_edges": {"0": [[300, 300], [400, 300]], "1": [[400, 300], [400, 400]], "2": [[400, 400], [300, 400]], "3": [[300, 400], [300, 300]]}, "index": 0, "circles_attached": 0, "p1": [300, 300], "p2": [400, 300], "p3": [400, 400], "p4": [300, 400]}, {"shape_type": "triangle", "color": [75, 0, 130], "free_edges": {"2": [[400, 400], [487, 350]]}, "all_edges": {"0": [[487, 350], [400, 300]], "1": [[400, 300], [400, 400]], "2": [[400, 400], [487, 350]]}, "index": 1, "circles_attached": 0, "p1": [487, 350], "p2": [400, 300], "p3": [400, 400]}, {"shape_type": "square", "color": [75, 0, 130], "free_edges": {"0": [[449.8283875853458, 213.29860560149825], [400, 300]], "2": [[487, 350], [536.8283875853458, 263.29860560149825]], "3": [[536.8283875853458, 263.29860560149825], [449.8283875853458, 213.29860560149825]]}, "all_edges": {"0": [[449.8283875853458, 213.29860560149825], [400, 300]], "1": [[400, 300], [487, 350]], "2": [[487, 350], [536.8283875853458, 263.29860560149825]], "3": [[536.8283875853458, 263.29860560149825], [449.8283875853458, 213.29860560149825]]}, "index": 2, "circles_attached": 0, "p1": [449.8283875853458, 213.29860560149825], "p2": [400, 300], "p3": [487, 350], "p4": [536.8283875853458, 263.29860560149825]}], [{"shape_type": "triangle", "color": [148, 0, 211], "free_edges": {"0": [[300, 300], [350, 213]]}, "all_edges": {"0": [[300, 300], [350, 213]], "1": [[350, 213], [400, 300]], "2": [[400, 300], [300, 300]]}, "index": 0, "circles_attached": 1, "p1": [300, 300], "p2": [350, 213], "p3": [400, 300]}, {"shape_type": "square", "color": [0, 0, 255], "free_edges": {"1": [[400, 300], [400.0, 400.0]], "2": [[400.0, 400.0], [300.0, 400.0]], "3": [[300.0, 400.0], [300, 300]]}, "all_edges": {"0": [[300, 300], [400, 300]], "1": [[400, 300], [400.0, 400.0]], "2": [[400.0, 400.0], [300.0, 400.0]], "3": [[300.0, 400.0], [300, 300]]}, "index": 1, "circles_attached": 0, "p1": [300, 300], "p2": [400, 300], "p3": [400.0, 400.0], "p4": [300.0, 400.0]}, {"shape_type": "circle", "color": [0, 0, 255], "free_edges": null, "all_edges": null, "index": 2, "circles_attached": 0, "center": [375.0, 256.5], "radius": 50}], [{"shape_type": "triangle", "color": [0, 0, 0], "free_edges": {"0": [[300, 300], [350, 213]], "1": [[350, 213], [400, 300]]}, "all_edges": {"0": [[300, 300], [350, 213]], "1": [[350, 213], [400, 300]], "2": [[400, 300], [300, 300]]}, "index": 0, "circles_attached": 1, "p1": [300, 300], "p2": [350, 213], "p3": [400, 300]}, {"shape_type": "circle", "color": [0, 0, 0], "free_edges": null, "all_edges": null, "index": 1, "circles_attached": 0, "center": [350.0, 300.0], "radius": 50}], [{"shape_type": "square", "color": [0, 0, 255], "free_edges": {"0": [[300, 300], [400, 300]], "2": [[400, 400], [300, 400]]}, "all_edges": {"0": [[300, 300], [400, 300]], "1": [[400, 300], [400, 400]], "2": [[400, 400], [300, 400]], "3": [[300, 400], [300, 300]]}, "index": 0, "circles_attached": 0, "p1": [300, 300], "p2": [400, 300], "p3": [400, 400], "p4": [300, 400]}, {"shape_type": "square", "color": [0, 0, 255], "free_edges": {"0": [[200.0, 300.0], [300, 300]], "2": [[300, 400], [200.0, 400.0]], "3": [[200.0, 400.0], [200.0, 300.0]]}, "all_edges": {"0": [[200.0, 300.0], [300, 300]], "1": [[300, 300], [300, 400]], "2": [[300, 400], [200.0, 400.0]], "3": [[200.0, 400.0], [200.0, 300.0]]}, "index": 1, "circles_attached": 0, "p1": [200.0, 300.0], "p2": [300, 300], "p3": [300, 400], "p4": [200.0, 400.0]}, {"shape_type": "triangle", "color": [0, 0, 255], "free_edges": {"0": [[400, 300], [487, 350]], "1": [[487, 350], [400, 400]]}, "all_edges": {"0": [[400, 300], [487, 350]], "1": [[487, 350], [400, 400]], "2": [[400, 400], [400, 300]]}, "index": 2, "circles_attached": 0, "p1": [400, 300], "p2": [487, 350], "p3": [400, 400]}], [{"shape_type": "rhombus", "color": [75, 0, 130], "free_edges": {"0": [[350, 413], [450, 413]], "2": [[400, 500], [300, 500]], "3": [[300, 500], [350, 413]]}, "all_edges": {"0": [[350, 413], [450, 413]], "1": [[450, 413], [400, 500]], "2": [[400, 500], [300, 500]], "3": [[300, 500], [350, 413]]}, "index": 0, "circles_attached": 0, "p1": [350, 413], "p2": [450, 413], "p3": [400, 500], "p4": [300, 500]}, {"shape_type": "triangle", "color": [75, 0, 130], "free_edges": {"2": [[400, 500], [501, 500]]}, "all_edges": {"0": [[501, 500], [450, 413]], "1": [[450, 413], [400, 500]], "2": [[400, 500], [501, 500]]}, "index": 1, "circles_attached": 1, "p1": [501, 500], "p2": [450, 413], "p3": [400, 500]}, {"shape_type": "circle", "color": [75, 0, 130], "free_edges": null, "all_edges": null, "index": 2, "circles_attached": 0, "center": [475.5, 456.5], "radius": 50}], [{"shape_type": "square", "color": [148, 0, 211], "free_edges": {"0": [[300, 300], [400, 300]], "1": [[400, 300], [400, 400]]}, "all_edges": {"0": [[300, 300], [400, 300]], "1": [[400, 300], [400, 400]], "2": [[400, 400], [300, 400]], "3": [[300, 400], [300, 300]]}, "index": 0, "circles_attached": 1, "p1": [300, 300], "p2": [400, 300], "p3": [400, 400], "p4": [300, 400]}, {"shape_type": "circle", "color": [75, 0, 130], "free_edges": null, "all_edges": null, "index": 1, "circles_attached": 0, "center": [350.0, 400.0], "radius": 50}, {"shape_type": "square", "color": [75, 0, 130], "free_edges": {"0": [[200.0, 300.0], [300, 300]], "2": [[300, 400], [200.0, 400.0]], "3": [[200.0, 400.0], [200.0, 300.0]]}, "all_edges": {"0": [[200.0, 300.0], [300, 300]], "1": [[300, 300], [300, 400]], "2": [[300, 400], [200.0, 400.0]], "3": [[200.0, 400.0], [200.0, 300.0]]}, "index": 2, "circles_attached": 0, "p1": [200.0, 300.0], "p2": [300, 300], "p3": [300, 400], "p4": [200.0, 400.0]}], [{"shape_type": "rhombus", "color": [75, 0, 130], "free_edges": {"1": [[450, 413], [400, 500]], "3": [[300, 500], [350, 413]]}, "all_edges": {"0": [[350, 413], [450, 413]], "1": [[450, 413], [400, 500]], "2": [[400, 500], [300, 500]], "3": [[300, 500], [350, 413]]}, "index": 0, "circles_attached": 0, "p1": [350, 413], "p2": [450, 413], "p3": [400, 500], "p4": [300, 500]}, {"shape_type": "rhombus", "color": [75, 0, 130], "free_edges": {"0": [[400.0, 326.3974596215561], [500.0, 326.3974596215561]], "1": [[500.0, 326.3974596215561], [450, 413]], "3": [[350, 413], [400.0, 326.3974596215561]]}, "all_edges": {"0": [[400.0, 326.3974596215561], [500.0, 326.3974596215561]], "1": [[500.0, 326.3974596215561], [450, 413]], "2": [[450, 413], [350, 413]], "3": [[350, 413], [400.0, 326.3974596215561]]}, "index": 1, "circles_attached": 0, "p1": [400.0, 326.3974596215561], "p2": [500.0, 326.3974596215561], "p3": [450, 413], "p4": [350, 413]}, {"shape_type": "triangle", "color": [75, 0, 130], "free_edges": {"0": [[350, 587], [400, 500]], "2": [[300, 500], [350, 587]]}, "all_edges": {"0": [[350, 587], [400, 500]], "1": [[400, 500], [300, 500]], "2": [[300, 500], [350, 587]]}, "index": 2, "circles_attached": 0, "p1": [350, 587], "p2": [400, 500], "p3": [300, 500]}], [{"shape_type": "triangle", "color": [0, 0, 255], "free_edges": {"2": [[400, 300], [300, 300]]}, "all_edges": {"0": [[300, 300], [350, 213]], "1": [[350, 213], [400, 300]], "2": [[400, 300], [300, 300]]}, "index": 0, "circles_attached": 1, "p1": [300, 300], "p2": [350, 213], "p3": [400, 300]}, {"shape_type": "triangle", "color": [0, 0, 255], "free_edges": {"0": [[250, 214], [350, 213]], "2": [[300, 300], [250, 214]]}, "all_edges": {"0": [[250, 214], [350, 213]], "1": [[350, 213], [300, 300]], "2": [[300, 300], [250, 214]]}, "index": 1, "circles_attached": 0, "p1": [250, 214], "p2": [350, 213], "p3": [300, 300]}, {"shape_type": "circle", "color": [0, 0, 255], "free_edges": null, "all_edges": null, "index": 2, "circles_attached": 0, "center": [375.0, 256.5], "radius": 50}], [{"shape_type": "triangle", "color": [0, 0, 255], "free_edges": {"0": [[300, 300], [350, 213]], "1": [[350, 213], [400, 300]]}, "all_edges": {"0": [[300, 300], [350, 213]], "1": [[350, 213], [400, 300]], "2": [[400, 300], [300, 300]]}, "index": 0, "circles_attached": 0, "p1": [300, 300], "p2": [350, 213], "p3": [400, 300]}, {"shape_type": "triangle", "color": [0, 0, 255], "free_edges": {"1": [[350, 387], [300, 300]]}, "all_edges": {"0": [[400, 300], [350, 387]], "1": [[350, 387], [300, 300]], "2": [[300, 300], [400, 300]]}, "index": 1, "circles_attached": 0, "p1": [400, 300], "p2": [350, 387], "p3": [300, 300]}, {"shape_type": "triangle", "color": [75, 0, 130], "free_edges": {"0": [[451, 387], [350, 387]], "2": [[400, 300], [451, 387]]}, "all_edges": {"0": [[451, 387], [350, 387]], "1": [[350, 387], [400, 300]], "2": [[400, 300], [451, 387]]}, "index": 2, "circles_attached": 0, "p1": [451, 387], "p2": [350, 387], "p3": [400, 300]}], [{"shape_type": "square", "color": [0, 255, 0], "free_edges": {"0": [[300, 300], [400, 300]], "1": [[400, 300], [400, 400]]}, "all_edges": {"0": [[300, 300], [400, 300]], "1": [[400, 300], [400, 400]], "2": [[400, 400], [300, 400]], "3": [[300, 400], [300, 300]]}, "index": 0, "circles_attached": 1, "p1": [300, 300], "p2": [400, 300], "p3": [400, 400], "p4": [300, 400]}, {"shape_type": "circle", "color": [0, 255, 0], "free_edges": null, "all_edges": null, "index": 1, "circles_attached": 0, "center": [300.0, 350.0], "radius": 50}, {"shape_type": "triangle", "color": [0, 255, 0], "free_edges": {"0": [[350, 487], [400, 400]], "2": [[300, 400], [350, 487]]}, "all_edges": {"0": [[350, 487], [400, 400]], "1": [[400, 400], [300, 400]], "2": [[300, 400], [350, 487]]}, "index": 2, "circles_attached": 0, "p1": [350, 487], "p2": [400, 400], "p3": [300, 400]}], [{"shape_type": "square", "color": [148, 0, 211], "free_edges": {"0": [[300, 300], [400, 300]], "3": [[300, 400], [300, 300]]}, "all_edges": {"0": [[300, 300], [400, 300]], "1": [[400, 300], [400, 400]], "2": [[400, 400], [300, 400]], "3": [[300, 400], [300, 300]]}, "index": 0, "circles_attached": 2, "p1": [300, 300], "p2": [400, 300], "p3": [400, 400], "p4": [300, 400]}, {"shape_type": "circle", "color": [148, 0, 211], "free_edges": null, "all_edges": null, "index": 1, "circles_attached": 0, "center": [350.0, 400.0], "radius": 50}, {"shape_type": "circle", "color": [148, 0, 211], "free_edges": null, "all_edges": null, "index": 2, "circles_attached": 0, "center": [400.0, 350.0], "radius": 50}], [{"shape_type": "rhombus", "color": [148, 0, 211], "free_edges": {"0": [[350, 413], [450, 413]], "1": [[450, 413], [400, 500]], "3": [[300, 500], [350, 413]]}, "all_edges": {"0": [[350, 413], [450, 413]], "1": [[450, 413], [400, 500]], "2": [[400, 500], [300, 500]], "3": [[300, 500], [350, 413]]}, "index": 0, "circles_attached": 0, "p1": [350, 413], "p2": [450, 413], "p3": [400, 500], "p4": [300, 500]}, {"shape_type": "triangle", "color": [255, 127, 0], "free_edges": {"2": [[350, 587], [400, 500]]}, "all_edges": {"0": [[400, 500], [300, 500]], "1": [[300, 500], [350, 587]], "2": [[350, 587], [400, 500]]}, "index": 1, "circles_attached": 1, "p1": [400, 500], "p2": [300, 500], "p3": [350, 587]}, {"shape_type": "circle", "color": [255, 127, 0], "free_edges": null, "all_edges": null, "index": 2, "circles_attached": 0, "center": [325.0, 543.5], "radius": 50}], [{"shape_type": "square", "color": [0, 0, 255], "free_edges": {"1": [[400, 300], [400, 400]], "2": [[400, 400], [300, 400]], "3": [[300, 400], [300, 300]]}, "all_edges": {"0": [[300, 300], [400, 300]], "1": [[400, 300], [400, 400]], "2": [[400, 400], [300, 400]], "3": [[300, 400], [300, 300]]}, "index": 0, "circles_attached": 0, "p1": [300, 300], "p2": [400, 300], "p3": [400, 400], "p4": [300, 400]}, {"shape_type": "rhombus", "color": [0, 255, 0], "free_edges": {"0": [[350.0, 213.39745962155612], [450.0, 213.39745962155612]], "1": [[450.0, 213.39745962155612], [400, 300]]}, "all_edges": {"0": [[350.0, 213.39745962155612], [450.0, 213.39745962155612]], "1": [[450.0, 213.39745962155612], [400, 300]], "2": [[400, 300], [300, 300]], "3": [[300, 300], [350.0, 213.39745962155612]]}, "index": 1, "circles_attached": 0, "p1": [350.0, 213.39745962155612], "p2": [450.0, 213.39745962155612], "p3": [400, 300], "p4": [300, 300]}, {"shape_type": "rhombus", "color": [255, 255, 0], "free_edges": {"0": [[300.0, 126.79491924311226], [350.0, 213.39745962155612]], "2": [[300, 300], [250.0, 213.39745962155615]], "3": [[250.0, 213.39745962155615], [300.0, 126.79491924311226]]}, "all_edges": {"0": [[300.0, 126.79491924311226], [350.0, 213.39745962155612]], "1": [[350.0, 213.39745962155612], [300, 300]], "2": [[300, 300], [250.0, 213.39745962155615]], "3": [[250.0, 213.39745962155615], [300.0, 126.79491924311226]]}, "index": 2, "circles_attached": 0, "p1": [300.0, 126.79491924311226], "p2": [350.0, 213.39745962155612], "p3": [300, 300], "p4": [250.0, 213.39745962155615]}], [{"shape_type": "square", "color": [255, 127, 0], "free_edges": {"1": [[400, 300], [400, 400]], "2": [[400, 400], [300, 400]], "3": [[300, 400], [300, 300]]}, "all_edges": {"0": [[300, 300], [400, 300]], "1": [[400, 300], [400, 400]], "2": [[400, 400], [300, 400]], "3": [[300, 400], [300, 300]]}, "index": 0, "circles_attached": 0, "p1": [300, 300], "p2": [400, 300], "p3": [400, 400], "p4": [300, 400]}, {"shape_type": "rhombus", "color": [255, 127, 0], "free_edges": {"0": [[350.0, 213.39745962155612], [450.0, 213.39745962155612]], "1": [[450.0, 213.39745962155612], [400, 300]]}, "all_edges": {"0": [[350.0, 213.39745962155612], [450.0, 213.39745962155612]], "1": [[450.0, 213.39745962155612], [400, 300]], "2": [[400, 300], [300, 300]], "3": [[300, 300], [350.0, 213.39745962155612]]}, "index": 1, "circles_attached": 0, "p1": [350.0, 213.39745962155612], "p2": [450.0, 213.39745962155612], "p3": [400, 300], "p4": [300, 300]}, {"shape_type": "rhombus", "color": [75, 0, 130], "free_edges": {"0": [[300.0, 126.79491924311226], [350.0, 213.39745962155612]], "2": [[300, 300], [250.0, 213.39745962155615]], "3": [[250.0, 213.39745962155615], [300.0, 126.79491924311226]]}, "all_edges": {"0": [[300.0, 126.79491924311226], [350.0, 213.39745962155612]], "1": [[350.0, 213.39745962155612], [300, 300]], "2": [[300, 300], [250.0, 213.39745962155615]], "3": [[250.0, 213.39745962155615], [300.0, 126.79491924311226]]}, "index": 2, "circles_attached": 0, "p1": [300.0, 126.79491924311226], "p2": [350.0, 213.39745962155612], "p3": [300, 300], "p4": [250.0, 213.39745962155615]}], [{"shape_type": "triangle", "color": [255, 0, 0], "free_edges": {"0": [[300, 300], [350, 213]]}, "all_edges": {"0": [[300, 300], [350, 213]], "1": [[350, 213], [400, 300]], "2": [[400, 300], [300, 300]]}, "index": 0, "circles_attached": 0, "p1": [300, 300], "p2": [350, 213], "p3": [400, 300]}, {"shape_type": "rhombus", "color": [0, 0, 255], "free_edges": {"1": [[400, 300], [350.0, 386.6025403784439]], "2": [[350.0, 386.6025403784439], [250.0, 386.6025403784439]], "3": [[250.0, 386.6025403784439], [300, 300]]}, "all_edges": {"0": [[300, 300], [400, 300]], "1": [[400, 300], [350.0, 386.6025403784439]], "2": [[350.0, 386.6025403784439], [250.0, 386.6025403784439]], "3": [[250.0, 386.6025403784439], [300, 300]]}, "index": 1, "circles_attached": 0, "p1": [300, 300], "p2": [400, 300], "p3": [350.0, 386.6025403784439], "p4": [250.0, 386.6025403784439]}, {"shape_type": "triangle", "color": [0, 0, 255], "free_edges": {"1": [[350, 213], [451, 214]], "2": [[451, 214], [400, 300]]}, "all_edges": {"0": [[400, 300], [350, 213]], "1": [[350, 213], [451, 214]], "2": [[451, 214], [400, 300]]}, "index": 2, "circles_attached": 0, "p1": [400, 300], "p2": [350, 213], "p3": [451, 214]}], [{"shape_type": "triangle", "color": [255, 127, 0], "free_edges": {"0": [[300, 300], [350, 213]]}, "all_edges": {"0": [[300, 300], [350, 213]], "1": [[350, 213], [400, 300]], "2": [[400, 300], [300, 300]]}, "index": 0, "circles_attached": 0, "p1": [300, 300], "p2": [350, 213], "p3": [400, 300]}, {"shape_type": "square", "color": [75, 0, 130], "free_edges": {"1": [[400, 300], [400.0, 400.0]], "2": [[400.0, 400.0], [300.0, 400.0]], "3": [[300.0, 400.0], [300, 300]]}, "all_edges": {"0": [[300, 300], [400, 300]], "1": [[400, 300], [400.0, 400.0]], "2": [[400.0, 400.0], [300.0, 400.0]], "3": [[300.0, 400.0], [300, 300]]}, "index": 1, "circles_attached": 0, "p1": [300, 300], "p2": [400, 300], "p3": [400.0, 400.0], "p4": [300.0, 400.0]}, {"shape_type": "triangle", "color": [75, 0, 130], "free_edges": {"1": [[350, 213], [451, 214]], "2": [[451, 214], [400, 300]]}, "all_edges": {"0": [[400, 300], [350, 213]], "1": [[350, 213], [451, 214]], "2": [[451, 214], [400, 300]]}, "index": 2, "circles_attached": 0, "p1": [400, 300], "p2": [350, 213], "p3": [451, 214]}], [{"shape_type": "square", "color": [255, 127, 0], "free_edges": {"0": [[300, 300], [400, 300]], "1": [[400, 300], [400, 400]], "3": [[300, 400], [300, 300]]}, "all_edges": {"0": [[300, 300], [400, 300]], "1": [[400, 300], [400, 400]], "2": [[400, 400], [300, 400]], "3": [[300, 400], [300, 300]]}, "index": 0, "circles_attached": 0, "p1": [300, 300], "p2": [400, 300], "p3": [400, 400], "p4": [300, 400]}, {"shape_type": "square", "color": [255, 127, 0], "free_edges": {"1": [[400, 400], [400.0, 500.0]], "2": [[400.0, 500.0], [300.0, 500.0]]}, "all_edges": {"0": [[300, 400], [400, 400]], "1": [[400, 400], [400.0, 500.0]], "2": [[400.0, 500.0], [300.0, 500.0]], "3": [[300.0, 500.0], [300, 400]]}, "index": 1, "circles_attached": 0, "p1": [300, 400], "p2": [400, 400], "p3": [400.0, 500.0], "p4": [300.0, 500.0]}, {"shape_type": "triangle", "color": [255, 127, 0], "free_edges": {"1": [[300, 400], [214, 450]], "2": [[214, 450], [300.0, 500.0]]}, "all_edges": {"0": [[300.0, 500.0], [300, 400]], "1": [[300, 400], [214, 450]], "2": [[214, 450], [300.0, 500.0]]}, "index": 2, "circles_attached": 0, "p1": [300.0, 500.0], "p2": [300, 400], "p3": [214, 450]}], [{"shape_type": "rhombus", "color": [0, 0, 255], "free_edges": {"2": [[400, 500], [300, 500]], "3": [[300, 500], [350, 413]]}, "all_edges": {"0": [[350, 413], [450, 413]], "1": [[450, 413], [400, 500]], "2": [[400, 500], [300, 500]], "3": [[300, 500], [350, 413]]}, "index": 0, "circles_attached": 0, "p1": [350, 413], "p2": [450, 413], "p3": [400, 500], "p4": [300, 500]}, {"shape_type": "square", "color": [0, 0, 255], "free_edges": {"0": [[450, 413], [536.7013943985017, 462.8283875853458]], "1": [[536.7013943985017, 462.8283875853458], [486.70139439850175, 549.8283875853458]], "2": [[486.70139439850175, 549.8283875853458], [400, 500]]}, "all_edges": {"0": [[450, 413], [536.7013943985017, 462.8283875853458]], "1": [[536.7013943985017, 462.8283875853458], [486.70139439850175, 549.8283875853458]], "2": [[486.70139439850175, 549.8283875853458], [400, 500]], "3": [[400, 500], [450, 413]]}, "index": 1, "circles_attached": 0, "p1": [450, 413], "p2": [536.7013943985017, 462.8283875853458], "p3": [486.70139439850175, 549.8283875853458], "p4": [400, 500]}, {"shape_type": "triangle", "color": [0, 0, 255], "free_edges": {"0": [[350, 413], [400, 327]], "1": [[400, 327], [450, 413]]}, "all_edges": {"0": [[350, 413], [400, 327]], "1": [[400, 327], [450, 413]], "2": [[450, 413], [350, 413]]}, "index": 2, "circles_attached": 0, "p1": [350, 413], "p2": [400, 327], "p3": [450, 413]}], [{"shape_type": "triangle", "color": [148, 0, 211], "free_edges": {"2": [[400, 300], [300, 300]]}, "all_edges": {"0": [[300, 300], [350, 213]], "1": [[350, 213], [400, 300]], "2": [[400, 300], [300, 300]]}, "index": 0, "circles_attached": 0, "p1": [300, 300], "p2": [350, 213], "p3": [400, 300]}, {"shape_type": "triangle", "color": [148, 0, 211], "free_edges": {"1": [[350, 213], [451, 214]], "2": [[451, 214], [400, 300]]}, "all_edges": {"0": [[400, 300], [350, 213]], "1": [[350, 213], [451, 214]], "2": [[451, 214], [400, 300]]}, "index": 1, "circles_attached": 0, "p1": [400, 300], "p2": [350, 213], "p3": [451, 214]}, {"shape_type": "square", "color": [255, 0, 0], "free_edges": {"0": [[263.29860560149825, 163.17161241465416], [350, 213]], "2": [[300, 300], [213.29860560149825, 250.17161241465416]], "3": [[213.29860560149825, 250.17161241465416], [263.29860560149825, 163.17161241465416]]}, "all_edges": {"0": [[263.29860560149825, 163.17161241465416], [350, 213]], "1": [[350, 213], [300, 300]], "2": [[300, 300], [213.29860560149825, 250.17161241465416]], "3": [[213.29860560149825, 250.17161241465416], [263.29860560149825, 163.17161241465416]]}, "index": 2, "circles_attached": 0, "p1": [263.29860560149825, 163.17161241465416], "p2": [350, 213], "p3": [300, 300], "p4": [213.29860560149825, 250.17161241465416]}], [{"shape_type": "square", "color": [0, 255, 0], "free_edges": {"0": [[300, 300], [400, 300]], "1": [[400, 300], [400, 400]]}, "all_edges": {"0": [[300, 300], [400, 300]], "1": [[400, 300], [400, 400]], "2": [[400, 400], [300, 400]], "3": [[300, 400], [300, 300]]}, "index": 0, "circles_attached": 0, "p1": [300, 300], "p2": [400, 300], "p3": [400, 400], "p4": [300, 400]}, {"shape_type": "triangle", "color": [0, 255, 0], "free_edges": {"1": [[300, 400], [350, 487]], "2": [[350, 487], [400, 400]]}, "all_edges": {"0": [[400, 400], [300, 400]], "1": [[300, 400], [350, 487]], "2": [[350, 487], [400, 400]]}, "index": 1, "circles_attached": 0, "p1": [400, 400], "p2": [300, 400], "p3": [350, 487]}, {"shape_type": "rhombus", "color": [75, 0, 130], "free_edges": {"0": [[213.39745962155612, 250.0], [300, 300]], "2": [[300, 400], [213.39745962155612, 350.0]], "3": [[213.39745962155612, 350.0], [213.39745962155612, 250.0]]}, "all_edges": {"0": [[213.39745962155612, 250.0], [300, 300]], "1": [[300, 300], [300, 400]], "2": [[300, 400], [213.39745962155612, 350.0]], "3": [[213.39745962155612, 350.0], [213.39745962155612, 250.0]]}, "index": 2, "circles_attached": 0, "p1": [213.39745962155612, 250.0], "p2": [300, 300], "p3": [300, 400], "p4": [213.39745962155612, 350.0]}], [{"shape_type": "square", "color": [255, 255, 0], "free_edges": {"0": [[300, 300], [400, 300]], "3": [[300, 400], [300, 300]]}, "all_edges": {"0": [[300, 300], [400, 300]], "1": [[400, 300], [400, 400]], "2": [[400, 400], [300, 400]], "3": [[300, 400], [300, 300]]}, "index": 0, "circles_attached": 0, "p1": [300, 300], "p2": [400, 300], "p3": [400, 400], "p4": [300, 400]}, {"shape_type": "rhombus", "color": [255, 255, 0], "free_edges": {"0": [[400, 300], [486.6025403784439, 350.0]], "1": [[486.6025403784439, 350.0], [486.6025403784439, 450.0]], "2": [[486.6025403784439, 450.0], [400, 400]]}, "all_edges": {"0": [[400, 300], [486.6025403784439, 350.0]], "1": [[486.6025403784439, 350.0], [486.6025403784439, 450.0]], "2": [[486.6025403784439, 450.0], [400, 400]], "3": [[400, 400], [400, 300]]}, "index": 1, "circles_attached": 0, "p1": [400, 300], "p2": [486.6025403784439, 350.0], "p3": [486.6025403784439, 450.0], "p4": [400, 400]}, {"shape_type": "square", "color": [0, 255, 0], "free_edges": {"1": [[400, 400], [400.0, 500.0]], "2": [[400.0, 500.0], [300.0, 500.0]], "3": [[300.0, 500.0], [300, 400]]}, "all_edges": {"0": [[300, 400], [400, 400]], "1": [[400, 400], [400.0, 500.0]], "2": [[400.0, 500.0], [300.0, 500.0]], "3": [[300.0, 500.0], [300, 400]]}, "index": 2, "circles_attached": 0, "p1": [300, 400], "p2": [400, 400], "p3": [400.0, 500.0], "p4": [300.0, 500.0]}], [{"shape_type": "rhombus", "color": [0, 0, 255], "free_edges": {"1": [[450, 413], [400, 500]], "3": [[300, 500], [350, 413]]}, "all_edges": {"0": [[350, 413], [450, 413]], "1": [[450, 413], [400, 500]], "2": [[400, 500], [300, 500]], "3": [[300, 500], [350, 413]]}, "index": 0, "circles_attached": 0, "p1": [350, 413], "p2": [450, 413], "p3": [400, 500], "p4": [300, 500]}, {"shape_type": "rhombus", "color": [0, 0, 255], "free_edges": {"1": [[400, 500], [350.0, 586.6025403784439]], "2": [[350.0, 586.6025403784439], [250.0, 586.6025403784439]], "3": [[250.0, 586.6025403784439], [300, 500]]}, "all_edges": {"0": [[300, 500], [400, 500]], "1": [[400, 500], [350.0, 586.6025403784439]], "2": [[350.0, 586.6025403784439], [250.0, 586.6025403784439]], "3": [[250.0, 586.6025403784439], [300, 500]]}, "index": 1, "circles_attached": 0, "p1": [300, 500], "p2": [400, 500], "p3": [350.0, 586.6025403784439], "p4": [250.0, 586.6025403784439]}, {"shape_type": "square", "color": [75, 0, 130], "free_edges": {"0": [[350.0, 313.0], [450.0, 313.0]], "1": [[450.0, 313.0], [450, 413]], "3": [[350, 413], [350.0, 313.0]]}, "all_edges": {"0": [[350.0, 313.0], [450.0, 313.0]], "1": [[450.0, 313.0], [450, 413]], "2": [[450, 413], [350, 413]], "3": [[350, 413], [350.0, 313.0]]}, "index": 2, "circles_attached": 0, "p1": [350.0, 313.0], "p2": [450.0, 313.0], "p3": [450, 413], "p4": [350, 413]}], [{"shape_type": "square", "color": [148, 0, 211], "free_edges": {"1": [[400, 300], [400, 400]], "2": [[400, 400], [300, 400]], "3": [[300, 400], [300, 300]]}, "all_edges": {"0": [[300, 300], [400, 300]], "1": [[400, 300], [400, 400]], "2": [[400, 400], [300, 400]], "3": [[300, 400], [300, 300]]}, "index": 0, "circles_attached": 0, "p1": [300, 300], "p2": [400, 300], "p3": [400, 400], "p4": [300, 400]}, {"shape_type": "square", "color": [0, 0, 255], "free_edges": {"1": [[400.0, 200.0], [400, 300]], "3": [[300, 300], [300.0, 200.0]]}, "all_edges": {"0": [[300.0, 200.0], [400.0, 200.0]], "1": [[400.0, 200.0], [400, 300]], "2": [[400, 300], [300, 300]], "3": [[300, 300], [300.0, 200.0]]}, "index": 1, "circles_attached": 0, "p1": [300.0, 200.0], "p2": [400.0, 200.0], "p3": [400, 300], "p4": [300, 300]}, {"shape_type": "triangle", "color": [0, 0, 255], "free_edges": {"0": [[350, 114], [300.0, 200.0]], "2": [[400.0, 200.0], [350, 114]]}, "all_edges": {"0": [[350, 114], [300.0, 200.0]], "1": [[300.0, 200.0], [400.0, 200.0]], "2": [[400.0, 200.0], [350, 114]]}, "index": 2, "circles_attached": 0, "p1": [350, 114], "p2": [300.0, 200.0], "p3": [400.0, 200.0]}], [{"shape_type": "square", "color": [255, 255, 0], "free_edges": {"2": [[400, 400], [300, 400]], "3": [[300, 400], [300, 300]]}, "all_edges": {"0": [[300, 300], [400, 300]], "1": [[400, 300], [400, 400]], "2": [[400, 400], [300, 400]], "3": [[300, 400], [300, 300]]}, "index": 0, "circles_attached": 0, "p1": [300, 300], "p2": [400, 300], "p3": [400, 400], "p4": [300, 400]}, {"shape_type": "rhombus", "color": [255, 255, 0], "free_edges": {"0": [[400, 300], [486.6025403784439, 350.0]], "1": [[486.6025403784439, 350.0], [486.6025403784439, 450.0]], "2": [[486.6025403784439, 450.0], [400, 400]]}, "all_edges": {"0": [[400, 300], [486.6025403784439, 350.0]], "1": [[486.6025403784439, 350.0], [486.6025403784439, 450.0]], "2": [[486.6025403784439, 450.0], [400, 400]], "3": [[400, 400], [400, 300]]}, "index": 1, "circles_attached": 0, "p1": [400, 300], "p2": [486.6025403784439, 350.0], "p3": [486.6025403784439, 450.0], "p4": [400, 400]}, {"shape_type": "triangle", "color": [255, 255, 0], "free_edges": {"1": [[400, 300], [350, 214]], "2": [[350, 214], [300, 300]]}, "all_edges": {"0": [[300, 300], [400, 300]], "1": [[400, 300], [350, 214]], "2": [[350, 214], [300, 300]]}, "index": 2, "circles_attached": 0, "p1": [300, 300], "p2": [400, 300], "p3": [350, 214]}], [{"shape_type": "triangle", "color": [148, 0, 211], "free_edges": {"2": [[400, 300], [300, 300]]}, "all_edges": {"0": [[300, 300], [350, 213]], "1": [[350, 213], [400, 300]], "2": [[400, 300], [300, 300]]}, "index": 0, "circles_attached": 0, "p1": [300, 300], "p2": [350, 213], "p3": [400, 300]}, {"shape_type": "rhombus", "color": [255, 127, 0], "free_edges": {"0": [[299.8285837000366, 126.49665332222247], [350, 213]], "2": [[300, 300], [249.82858370003655, 213.49665332222247]], "3": [[249.82858370003655, 213.49665332222247], [299.8285837000366, 126.49665332222247]]}, "all_edges": {"0": [[299.8285837000366, 126.49665332222247], [350, 213]], "1": [[350, 213], [300, 300]], "2": [[300, 300], [249.82858370003655, 213.49665332222247]], "3": [[249.82858370003655, 213.49665332222247], [299.8285837000366, 126.49665332222247]]}, "index": 1, "circles_attached": 0, "p1": [299.8285837000366, 126.49665332222247], "p2": [350, 213], "p3": [300, 300], "p4": [249.82858370003655, 213.49665332222247]}, {"shape_type": "triangle", "color": [0, 255, 0], "free_edges": {"1": [[350, 213], [451, 214]], "2": [[451, 214], [400, 300]]}, "all_edges": {"0": [[400, 300], [350, 213]], "1": [[350, 213], [451, 214]], "2": [[451, 214], [400, 300]]}, "index": 2, "circles_attached": 0, "p1": [400, 300], "p2": [350, 213], "p3": [451, 214]}], [{"shape_type": "square", "color": [0, 255, 0], "free_edges": {"1": [[400, 300], [400, 400]], "2": [[400, 400], [300, 400]]}, "all_edges": {"0": [[300, 300], [400, 300]], "1": [[400, 300], [400, 400]], "2": [[400, 400], [300, 400]], "3": [[300, 400], [300, 300]]}, "index": 0, "circles_attached": 0, "p1": [300, 300], "p2": [400, 300], "p3": [400, 400], "p4": [300, 400]}, {"shape_type": "rhombus", "color": [255, 255, 0], "free_edges": {"0": [[350.0, 213.39745962155612], [450.0, 213.39745962155612]], "1": [[450.0, 213.39745962155612], [400, 300]], "3": [[300, 300], [350.0, 213.39745962155612]]}, "all_edges": {"0": [[350.0, 213.39745962155612], [450.0, 213.39745962155612]], "1": [[450.0, 213.39745962155612], [400, 300]], "2": [[400, 300], [300, 300]], "3": [[300, 300], [350.0, 213.39745962155612]]}, "index": 1, "circles_attached": 0, "p1": [350.0, 213.39745962155612], "p2": [450.0, 213.39745962155612], "p3": [400, 300], "p4": [300, 300]}, {"shape_type": "rhombus", "color": [0, 255, 0], "free_edges": {"0": [[213.39745962155612, 250.0], [300, 300]], "2": [[300, 400], [213.39745962155612, 350.0]], "3": [[213.39745962155612, 350.0], [213.39745962155612, 250.0]]}, "all_edges": {"0": [[213.39745962155612, 250.0], [300, 300]], "1": [[300, 300], [300, 400]], "2": [[300, 400], [213.39745962155612, 350.0]], "3": [[213.39745962155612, 350.0], [213.39745962155612, 250.0]]}, "index": 2, "circles_attached": 0, "p1": [213.39745962155612, 250.0], "p2": [300, 300], "p3": [300, 400], "p4": [213.39745962155612, 350.0]}], [{"shape_type": "rhombus", "color": [75, 0, 130], "free_edges": {"1": [[450, 413], [400, 500]], "3": [[300, 500], [350, 413]]}, "all_edges": {"0": [[350, 413], [450, 413]], "1": [[450, 413], [400, 500]], "2": [[400, 500], [300, 500]], "3": [[300, 500], [350, 413]]}, "index": 0, "circles_attached": 0, "p1": [350, 413], "p2": [450, 413], "p3": [400, 500], "p4": [300, 500]}, {"shape_type": "rhombus", "color": [0, 0, 255], "free_edges": {"1": [[400, 500], [350.0, 586.6025403784439]], "2": [[350.0, 586.6025403784439], [250.0, 586.6025403784439]], "3": [[250.0, 586.6025403784439], [300, 500]]}, "all_edges": {"0": [[300, 500], [400, 500]], "1": [[400, 500], [350.0, 586.6025403784439]], "2": [[350.0, 586.6025403784439], [250.0, 586.6025403784439]], "3": [[250.0, 586.6025403784439], [300, 500]]}, "index": 1, "circles_attached": 0, "p1": [300, 500], "p2": [400, 500], "p3": [350.0, 586.6025403784439], "p4": [250.0, 586.6025403784439]}, {"shape_type": "rhombus", "color": [0, 0, 255], "free_edges": {"0": [[400.0, 326.3974596215561], [500.0, 326.3974596215561]], "1": [[500.0, 326.3974596215561], [450, 413]], "3": [[350, 413], [400.0, 326.3974596215561]]}, "all_edges": {"0": [[400.0, 326.3974596215561], [500.0, 326.3974596215561]], "1": [[500.0, 326.3974596215561], [450, 413]], "2": [[450, 413], [350, 413]], "3": [[350, 413], [400.0, 326.3974596215561]]}, "index": 2, "circles_attached": 0, "p1": [400.0, 326.3974596215561], "p2": [500.0, 326.3974596215561], "p3": [450, 413], "p4": [350, 413]}], [{"shape_type": "square", "color": [255, 255, 0], "free_edges": {"2": [[400, 400], [300, 400]], "3": [[300, 400], [300, 300]]}, "all_edges": {"0": [[300, 300], [400, 300]], "1": [[400, 300], [400, 400]], "2": [[400, 400], [300, 400]], "3": [[300, 400], [300, 300]]}, "index": 0, "circles_attached": 1, "p1": [300, 300], "p2": [400, 300], "p3": [400, 400], "p4": [300, 400]}, {"shape_type": "triangle", "color": [255, 255, 0], "free_edges": {"0": [[487, 350], [400, 300]], "2": [[400, 400], [487, 350]]}, "all_edges": {"0": [[487, 350], [400, 300]], "1": [[400, 300], [400, 400]], "2": [[400, 400], [487, 350]]}, "index": 1, "circles_attached": 0, "p1": [487, 350], "p2": [400, 300], "p3": [400, 400]}, {"shape_type": "circle", "color": [255, 255, 0], "free_edges": null, "all_edges": null, "index": 2, "circles_attached": 0, "center": [350.0, 300.0], "radius": 50}], [{"shape_type": "square", "color": [255, 127, 0], "free_edges": {"2": [[400, 400], [300, 400]], "3": [[300, 400], [300, 300]]}, "all_edges": {"0": [[300, 300], [400, 300]], "1": [[400, 300], [400, 400]], "2": [[400, 400], [300, 400]], "3": [[300, 400], [300, 300]]}, "index": 0, "circles_attached": 0, "p1": [300, 300], "p2": [400, 300], "p3": [400, 400], "p4": [300, 400]}, {"shape_type": "triangle", "color": [255, 127, 0], "free_edges": {"0": [[300, 300], [350, 214]], "1": [[350, 214], [400, 300]]}, "all_edges": {"0": [[300, 300], [350, 214]], "1": [[350, 214], [400, 300]], "2": [[400, 300], [300, 300]]}, "index": 1, "circles_attached": 0, "p1": [300, 300], "p2": [350, 214], "p3": [400, 300]}, {"shape_type": "rhombus", "color": [255, 255, 0], "free_edges": {"0": [[400, 300], [486.6025403784439, 350.0]], "1": [[486.6025403784439, 350.0], [486.6025403784439, 450.0]], "2": [[486.6025403784439, 450.0], [400, 400]]}, "all_edges": {"0": [[400, 300], [486.6025403784439, 350.0]], "1": [[486.6025403784439, 350.0], [486.6025403784439, 450.0]], "2": [[486.6025403784439, 450.0], [400, 400]], "3": [[400, 400], [400, 300]]}, "index": 2, "circles_attached": 0, "p1": [400, 300], "p2": [486.6025403784439, 350.0], "p3": [486.6025403784439, 450.0], "p4": [400, 400]}], [{"shape_type": "triangle", "color": [0, 255, 0], "free_edges": {"0": [[300, 300], [350, 213]], "2": [[400, 300], [300, 300]]}, "all_edges": {"0": [[300, 300], [350, 213]], "1": [[350, 213], [400, 300]], "2": [[400, 300], [300, 300]]}, "index": 0, "circles_attached": 0, "p1": [300, 300], "p2": [350, 213], "p3": [400, 300]}, {"shape_type": "triangle", "color": [0, 255, 0], "free_edges": {"2": [[451, 214], [400, 300]]}, "all_edges": {"0": [[400, 300], [350, 213]], "1": [[350, 213], [451, 214]], "2": [[451, 214], [400, 300]]}, "index": 1, "circles_attached": 0, "p1": [400, 300], "p2": [350, 213], "p3": [451, 214]}, {"shape_type": "square", "color": [0, 255, 0], "free_edges": {"0": [[350, 213], [350.9900504839613, 113.00490111990885]], "1": [[350.9900504839613, 113.00490111990885], [451.9900504839613, 114.00490111990885]], "2": [[451.9900504839613, 114.00490111990885], [451, 214]]}, "all_edges": {"0": [[350, 213], [350.9900504839613, 113.00490111990885]], "1": [[350.9900504839613, 113.00490111990885], [451.9900504839613, 114.00490111990885]], "2": [[451.9900504839613, 114.00490111990885], [451, 214]], "3": [[451, 214], [350, 213]]}, "index": 2, "circles_attached": 0, "p1": [350, 213], "p2": [350.9900504839613, 113.00490111990885], "p3": [451.9900504839613, 114.00490111990885], "p4": [451, 214]}], [{"shape_type": "square", "color": [148, 0, 211], "free_edges": {"0": [[300, 300], [400, 300]], "2": [[400, 400], [300, 400]]}, "all_edges": {"0": [[300, 300], [400, 300]], "1": [[400, 300], [400, 400]], "2": [[400, 400], [300, 400]], "3": [[300, 400], [300, 300]]}, "index": 0, "circles_attached": 0, "p1": [300, 300], "p2": [400, 300], "p3": [400, 400], "p4": [300, 400]}, {"shape_type": "triangle", "color": [255, 0, 0], "free_edges": {"0": [[487, 350], [400, 300]], "2": [[400, 400], [487, 350]]}, "all_edges": {"0": [[487, 350], [400, 300]], "1": [[400, 300], [400, 400]], "2": [[400, 400], [487, 350]]}, "index": 1, "circles_attached": 0, "p1": [487, 350], "p2": [400, 300], "p3": [400, 400]}, {"shape_type": "triangle", "color": [255, 127, 0], "free_edges": {"0": [[300, 400], [214, 350]], "1": [[214, 350], [300, 300]]}, "all_edges": {"0": [[300, 400], [214, 350]], "1": [[214, 350], [300, 300]], "2": [[300, 300], [300, 400]]}, "index": 2, "circles_attached": 0, "p1": [300, 400], "p2": [214, 350], "p3": [300, 300]}], [{"shape_type": "square", "color": [255, 0, 0], "free_edges": {"0": [[300, 300], [400, 300]], "1": [[400, 300], [400, 400]], "3": [[300, 400], [300, 300]]}, "all_edges": {"0": [[300, 300], [400, 300]], "1": [[400, 300], [400, 400]], "2": [[400, 400], [300, 400]], "3": [[300, 400], [300, 300]]}, "index": 0, "circles_attached": 0, "p1": [300, 300], "p2": [400, 300], "p3": [400, 400], "p4": [300, 400]}, {"shape_type": "rhombus", "color": [255, 127, 0], "free_edges": {"2": [[350.0, 486.6025403784439], [250.0, 486.6025403784439]], "3": [[250.0, 486.6025403784439], [300, 400]]}, "all_edges": {"0": [[300, 400], [400, 400]], "1": [[400, 400], [350.0, 486.6025403784439]], "2": [[350.0, 486.6025403784439], [250.0, 486.6025403784439]], "3": [[250.0, 486.6025403784439], [300, 400]]}, "index": 1, "circles_attached": 0, "p1": [300, 400], "p2": [400, 400], "p3": [350.0, 486.6025403784439], "p4": [250.0, 486.6025403784439]}, {"shape_type": "rhombus", "color": [255, 127, 0], "free_edges": {"0": [[400, 400], [450.0, 486.60254037844385]], "1": [[450.0, 486.60254037844385], [400.0, 573.2050807568878]], "2": [[400.0, 573.2050807568878], [350.0, 486.6025403784439]]}, "all_edges": {"0": [[400, 400], [450.0, 486.60254037844385]], "1": [[450.0, 486.60254037844385], [400.0, 573.2050807568878]], "2": [[400.0, 573.2050807568878], [350.0, 486.6025403784439]], "3": [[350.0, 486.6025403784439], [400, 400]]}, "index": 2, "circles_attached": 0, "p1": [400, 400], "p2": [450.0, 486.60254037844385], "p3": [400.0, 573.2050807568878], "p4": [350.0, 486.6025403784439]}], [{"shape_type": "rhombus", "color": [0, 0, 255], "free_edges": {"0": [[350, 413], [450, 413]], "1": [[450, 413], [400, 500]]}, "all_edges": {"0": [[350, 413], [450, 413]], "1": [[450, 413], [400, 500]], "2": [[400, 500], [300, 500]], "3": [[300, 500], [350, 413]]}, "index": 0, "circles_attached": 1, "p1": [350, 413], "p2": [450, 413], "p3": [400, 500], "p4": [300, 500]}, {"shape_type": "circle", "color": [0, 0, 255], "free_edges": null, "all_edges": null, "index": 1, "circles_attached": 0, "center": [325.0, 456.5], "radius": 50}, {"shape_type": "rhombus", "color": [0, 0, 255], "free_edges": {"1": [[400, 500], [350.0, 586.6025403784439]], "2": [[350.0, 586.6025403784439], [250.0, 586.6025403784439]], "3": [[250.0, 586.6025403784439], [300, 500]]}, "all_edges": {"0": [[300, 500], [400, 500]], "1": [[400, 500], [350.0, 586.6025403784439]], "2": [[350.0, 586.6025403784439], [250.0, 586.6025403784439]], "3": [[250.0, 586.6025403784439], [300, 500]]}, "index": 2, "circles_attached": 0, "p1": [300, 500], "p2": [400, 500], "p3": [350.0, 586.6025403784439], "p4": [250.0, 586.6025403784439]}], [{"shape_type": "square", "color": [255, 127, 0], "free_edges": {"0": [[300, 300], [400, 300]], "1": [[400, 300], [400, 400]]}, "all_edges": {"0": [[300, 300], [400, 300]], "1": [[400, 300], [400, 400]], "2": [[400, 400], [300, 400]], "3": [[300, 400], [300, 300]]}, "index": 0, "circles_attached": 0, "p1": [300, 300], "p2": [400, 300], "p3": [400, 400], "p4": [300, 400]}, {"shape_type": "square", "color": [0, 0, 255], "free_edges": {"1": [[400, 400], [400.0, 500.0]], "2": [[400.0, 500.0], [300.0, 500.0]], "3": [[300.0, 500.0], [300, 400]]}, "all_edges": {"0": [[300, 400], [400, 400]], "1": [[400, 400], [400.0, 500.0]], "2": [[400.0, 500.0], [300.0, 500.0]], "3": [[300.0, 500.0], [300, 400]]}, "index": 1, "circles_attached": 0, "p1": [300, 400], "p2": [400, 400], "p3": [400.0, 500.0], "p4": [300.0, 500.0]}, {"shape_type": "rhombus", "color": [0, 0, 255], "free_edges": {"0": [[213.39745962155612, 250.0], [300, 300]], "2": [[300, 400], [213.39745962155612, 350.0]], "3": [[213.39745962155612, 350.0], [213.39745962155612, 250.0]]}, "all_edges": {"0": [[213.39745962155612, 250.0], [300, 300]], "1": [[300, 300], [300, 400]], "2": [[300, 400], [213.39745962155612, 350.0]], "3": [[213.39745962155612, 350.0], [213.39745962155612, 250.0]]}, "index": 2, "circles_attached": 0, "p1": [213.39745962155612, 250.0], "p2": [300, 300], "p3": [300, 400], "p4": [213.39745962155612, 350.0]}], [{"shape_type": "square", "color": [75, 0, 130], "free_edges": {"0": [[300, 300], [400, 300]], "3": [[300, 400], [300, 300]]}, "all_edges": {"0": [[300, 300], [400, 300]], "1": [[400, 300], [400, 400]], "2": [[400, 400], [300, 400]], "3": [[300, 400], [300, 300]]}, "index": 0, "circles_attached": 0, "p1": [300, 300], "p2": [400, 300], "p3": [400, 400], "p4": [300, 400]}, {"shape_type": "square", "color": [75, 0, 130], "free_edges": {"0": [[400, 300], [500.0, 300.0]], "1": [[500.0, 300.0], [500.0, 400.0]], "2": [[500.0, 400.0], [400, 400]]}, "all_edges": {"0": [[400, 300], [500.0, 300.0]], "1": [[500.0, 300.0], [500.0, 400.0]], "2": [[500.0, 400.0], [400, 400]], "3": [[400, 400], [400, 300]]}, "index": 1, "circles_attached": 0, "p1": [400, 300], "p2": [500.0, 300.0], "p3": [500.0, 400.0], "p4": [400, 400]}, {"shape_type": "square", "color": [0, 0, 255], "free_edges": {"1": [[400, 400], [400.0, 500.0]], "2": [[400.0, 500.0], [300.0, 500.0]], "3": [[300.0, 500.0], [300, 400]]}, "all_edges": {"0": [[300, 400], [400, 400]], "1": [[400, 400], [400.0, 500.0]], "2": [[400.0, 500.0], [300.0, 500.0]], "3": [[300.0, 500.0], [300, 400]]}, "index": 2, "circles_attached": 0, "p1": [300, 400], "p2": [400, 400], "p3": [400.0, 500.0], "p4": [300.0, 500.0]}], [{"shape_type": "rhombus", "color": [148, 0, 211], "free_edges": {"1": [[450, 413], [400, 500]], "2": [[400, 500], [300, 500]]}, "all_edges": {"0": [[350, 413], [450, 413]], "1": [[450, 413], [400, 500]], "2": [[400, 500], [300, 500]], "3": [[300, 500], [350, 413]]}, "index": 0, "circles_attached": 0, "p1": [350, 413], "p2": [450, 413], "p3": [400, 500], "p4": [300, 500]}, {"shape_type": "rhombus", "color": [148, 0, 211], "free_edges": {"0": [[299.8285837000366, 326.49665332222247], [350, 413]], "2": [[300, 500], [249.82858370003655, 413.49665332222247]], "3": [[249.82858370003655, 413.49665332222247], [299.8285837000366, 326.49665332222247]]}, "all_edges": {"0": [[299.8285837000366, 326.49665332222247], [350, 413]], "1": [[350, 413], [300, 500]], "2": [[300, 500], [249.82858370003655, 413.49665332222247]], "3": [[249.82858370003655, 413.49665332222247], [299.8285837000366, 326.49665332222247]]}, "index": 1, "circles_attached": 0, "p1": [299.8285837000366, 326.49665332222247], "p2": [350, 413], "p3": [300, 500], "p4": [249.82858370003655, 413.49665332222247]}, {"shape_type": "rhombus", "color": [148, 0, 211], "free_edges": {"0": [[400.0, 326.3974596215561], [500.0, 326.3974596215561]], "1": [[500.0, 326.3974596215561], [450, 413]], "3": [[350, 413], [400.0, 326.3974596215561]]}, "all_edges": {"0": [[400.0, 326.3974596215561], [500.0, 326.3974596215561]], "1": [[500.0, 326.3974596215561], [450, 413]], "2": [[450, 413], [350, 413]], "3": [[350, 413], [400.0, 326.3974596215561]]}, "index": 2, "circles_attached": 0, "p1": [400.0, 326.3974596215561], "p2": [500.0, 326.3974596215561], "p3": [450, 413], "p4": [350, 413]}], [{"shape_type": "square", "color": [255, 127, 0], "free_edges": {"0": [[300, 300], [400, 300]], "2": [[400, 400], [300, 400]]}, "all_edges": {"0": [[300, 300], [400, 300]], "1": [[400, 300], [400, 400]], "2": [[400, 400], [300, 400]], "3": [[300, 400], [300, 300]]}, "index": 0, "circles_attached": 1, "p1": [300, 300], "p2": [400, 300], "p3": [400, 400], "p4": [300, 400]}, {"shape_type": "circle", "color": [75, 0, 130], "free_edges": null, "all_edges": null, "index": 1, "circles_attached": 0, "center": [300.0, 350.0], "radius": 50}, {"shape_type": "square", "color": [0, 255, 0], "free_edges": {"0": [[400, 300], [500.0, 300.0]], "1": [[500.0, 300.0], [500.0, 400.0]], "2": [[500.0, 400.0], [400, 400]]}, "all_edges": {"0": [[400, 300], [500.0, 300.0]], "1": [[500.0, 300.0], [500.0, 400.0]], "2": [[500.0, 400.0], [400, 400]], "3": [[400, 400], [400, 300]]}, "index": 2, "circles_attached": 0, "p1": [400, 300], "p2": [500.0, 300.0], "p3": [500.0, 400.0], "p4": [400, 400]}], [{"shape_type": "square", "color": [0, 255, 0], "free_edges": {"0": [[300, 300], [400, 300]], "1": [[400, 300], [400, 400]]}, "all_edges": {"0": [[300, 300], [400, 300]], "1": [[400, 300], [400, 400]], "2": [[400, 400], [300, 400]], "3": [[300, 400], [300, 300]]}, "index": 0, "circles_attached": 1, "p1": [300, 300], "p2": [400, 300], "p3": [400, 400], "p4": [300, 400]}, {"shape_type": "circle", "color": [0, 0, 255], "free_edges": null, "all_edges": null, "index": 1, "circles_attached": 0, "center": [350.0, 400.0], "radius": 50}, {"shape_type": "rhombus", "color": [255, 127, 0], "free_edges": {"0": [[213.39745962155612, 250.0], [300, 300]], "2": [[300, 400], [213.39745962155612, 350.0]], "3": [[213.39745962155612, 350.0], [213.39745962155612, 250.0]]}, "all_edges": {"0": [[213.39745962155612, 250.0], [300, 300]], "1": [[300, 300], [300, 400]], "2": [[300, 400], [213.39745962155612, 350.0]], "3": [[213.39745962155612, 350.0], [213.39745962155612, 250.0]]}, "index": 2, "circles_attached": 0, "p1": [213.39745962155612, 250.0], "p2": [300, 300], "p3": [300, 400], "p4": [213.39745962155612, 350.0]}], [{"shape_type": "square", "color": [148, 0, 211], "free_edges": {"0": [[300, 300], [400, 300]], "1": [[400, 300], [400, 400]], "3": [[300, 400], [300, 300]]}, "all_edges": {"0": [[300, 300], [400, 300]], "1": [[400, 300], [400, 400]], "2": [[400, 400], [300, 400]], "3": [[300, 400], [300, 300]]}, "index": 0, "circles_attached": 0, "p1": [300, 300], "p2": [400, 300], "p3": [400, 400], "p4": [300, 400]}, {"shape_type": "triangle", "color": [148, 0, 211], "free_edges": {"1": [[300, 400], [350, 487]]}, "all_edges": {"0": [[400, 400], [300, 400]], "1": [[300, 400], [350, 487]], "2": [[350, 487], [400, 400]]}, "index": 1, "circles_attached": 0, "p1": [400, 400], "p2": [300, 400], "p3": [350, 487]}, {"shape_type": "square", "color": [148, 0, 211], "free_edges": {"1": [[350, 487], [436.70139439850175, 536.8283875853458]], "2": [[436.70139439850175, 536.8283875853458], [486.70139439850175, 449.8283875853458]], "3": [[486.70139439850175, 449.8283875853458], [400, 400]]}, "all_edges": {"0": [[400, 400], [350, 487]], "1": [[350, 487], [436.70139439850175, 536.8283875853458]], "2": [[436.70139439850175, 536.8283875853458], [486.70139439850175, 449.8283875853458]], "3": [[486.70139439850175, 449.8283875853458], [400, 400]]}, "index": 2, "circles_attached": 0, "p1": [400, 400], "p2": [350, 487], "p3": [436.70139439850175, 536.8283875853458], "p4": [486.70139439850175, 449.8283875853458]}], [{"shape_type": "rhombus", "color": [255, 127, 0], "free_edges": {"1": [[450, 413], [400, 500]], "2": [[400, 500], [300, 500]], "3": [[300, 500], [350, 413]]}, "all_edges": {"0": [[350, 413], [450, 413]], "1": [[450, 413], [400, 500]], "2": [[400, 500], [300, 500]], "3": [[300, 500], [350, 413]]}, "index": 0, "circles_attached": 0, "p1": [350, 413], "p2": [450, 413], "p3": [400, 500], "p4": [300, 500]}, {"shape_type": "square", "color": [255, 0, 0], "free_edges": {"0": [[350.0, 313.0], [450.0, 313.0]], "3": [[350, 413], [350.0, 313.0]]}, "all_edges": {"0": [[350.0, 313.0], [450.0, 313.0]], "1": [[450.0, 313.0], [450, 413]], "2": [[450, 413], [350, 413]], "3": [[350, 413], [350.0, 313.0]]}, "index": 1, "circles_attached": 0, "p1": [350.0, 313.0], "p2": [450.0, 313.0], "p3": [450, 413], "p4": [350, 413]}, {"shape_type": "triangle", "color": [255, 0, 0], "free_edges": {"0": [[450.0, 313.0], [537, 363]], "1": [[537, 363], [450, 413]]}, "all_edges": {"0": [[450.0, 313.0], [537, 363]], "1": [[537, 363], [450, 413]], "2": [[450, 413], [450.0, 313.0]]}, "index": 2, "circles_attached": 0, "p1": [450.0, 313.0], "p2": [537, 363], "p3": [450, 413]}], [{"shape_type": "rhombus", "color": [0, 0, 255], "free_edges": {"0": [[350, 413], [450, 413]], "2": [[400, 500], [300, 500]], "3": [[300, 500], [350, 413]]}, "all_edges": {"0": [[350, 413], [450, 413]], "1": [[450, 413], [400, 500]], "2": [[400, 500], [300, 500]], "3": [[300, 500], [350, 413]]}, "index": 0, "circles_attached": 0, "p1": [350, 413], "p2": [450, 413], "p3": [400, 500], "p4": [300, 500]}, {"shape_type": "triangle", "color": [0, 0, 255], "free_edges": {"0": [[501, 500], [450, 413]]}, "all_edges": {"0": [[501, 500], [450, 413]], "1": [[450, 413], [400, 500]], "2": [[400, 500], [501, 500]]}, "index": 1, "circles_attached": 0, "p1": [501, 500], "p2": [450, 413], "p3": [400, 500]}, {"shape_type": "square", "color": [75, 0, 130], "free_edges": {"1": [[400, 500], [400.0, 600.0]], "2": [[400.0, 600.0], [501.0, 600.0]], "3": [[501.0, 600.0], [501, 500]]}, "all_edges": {"0": [[501, 500], [400, 500]], "1": [[400, 500], [400.0, 600.0]], "2": [[400.0, 600.0], [501.0, 600.0]], "3": [[501.0, 600.0], [501, 500]]}, "index": 2, "circles_attached": 0, "p1": [501, 500], "p2": [400, 500], "p3": [400.0, 600.0], "p4": [501.0, 600.0]}], [{"shape_type": "triangle", "color": [255, 255, 0], "free_edges": {"0": [[300, 300], [350, 213]], "2": [[400, 300], [300, 300]]}, "all_edges": {"0": [[300, 300], [350, 213]], "1": [[350, 213], [400, 300]], "2": [[400, 300], [300, 300]]}, "index": 0, "circles_attached": 0, "p1": [300, 300], "p2": [350, 213], "p3": [400, 300]}, {"shape_type": "triangle", "color": [255, 0, 0], "free_edges": {"2": [[451, 214], [400, 300]]}, "all_edges": {"0": [[400, 300], [350, 213]], "1": [[350, 213], [451, 214]], "2": [[451, 214], [400, 300]]}, "index": 1, "circles_attached": 0, "p1": [400, 300], "p2": [350, 213], "p3": [451, 214]}, {"shape_type": "triangle", "color": [255, 0, 0], "free_edges": {"1": [[350, 213], [402, 127]], "2": [[402, 127], [451, 214]]}, "all_edges": {"0": [[451, 214], [350, 213]], "1": [[350, 213], [402, 127]], "2": [[402, 127], [451, 214]]}, "index": 2, "circles_attached": 0, "p1": [451, 214], "p2": [350, 213], "p3": [402, 127]}], [{"shape_type": "square", "color": [0, 0, 255], "free_edges": {"0": [[300, 300], [400, 300]], "1": [[400, 300], [400, 400]], "2": [[400, 400], [300, 400]]}, "all_edges": {"0": [[300, 300], [400, 300]], "1": [[400, 300], [400, 400]], "2": [[400, 400], [300, 400]], "3": [[300, 400], [300, 300]]}, "index": 0, "circles_attached": 0, "p1": [300, 300], "p2": [400, 300], "p3": [400, 400], "p4": [300, 400]}, {"shape_type": "rhombus", "color": [0, 0, 255], "free_edges": {"2": [[300, 400], [213.39745962155612, 350.0]], "3": [[213.39745962155612, 350.0], [213.39745962155612, 250.0]]}, "all_edges": {"0": [[213.39745962155612, 250.0], [300, 300]], "1": [[300, 300], [300, 400]], "2": [[300, 400], [213.39745962155612, 350.0]], "3": [[213.39745962155612, 350.0], [213.39745962155612, 250.0]]}, "index": 1, "circles_attached": 1, "p1": [213.39745962155612, 250.0], "p2": [300, 300], "p3": [300, 400], "p4": [213.39745962155612, 350.0]}, {"shape_type": "circle", "color": [255, 255, 0], "free_edges": null, "all_edges": null, "index": 2, "circles_attached": 0, "center": [256.69872981077805, 275.0], "radius": 50}], [{"shape_type": "triangle", "color": [255, 127, 0], "free_edges": {"1": [[350, 213], [400, 300]]}, "all_edges": {"0": [[300, 300], [350, 213]], "1": [[350, 213], [400, 300]], "2": [[400, 300], [300, 300]]}, "index": 0, "circles_attached": 0, "p1": [300, 300], "p2": [350, 213], "p3": [400, 300]}, {"shape_type": "square", "color": [255, 127, 0], "free_edges": {"0": [[263.29860560149825, 163.17161241465416], [350, 213]], "2": [[300, 300], [213.29860560149825, 250.17161241465416]], "3": [[213.29860560149825, 250.17161241465416], [263.29860560149825, 163.17161241465416]]}, "all_edges": {"0": [[263.29860560149825, 163.17161241465416], [350, 213]], "1": [[350, 213], [300, 300]], "2": [[300, 300], [213.29860560149825, 250.17161241465416]], "3": [[213.29860560149825, 250.17161241465416], [263.29860560149825, 163.17161241465416]]}, "index": 1, "circles_attached": 0, "p1": [263.29860560149825, 163.17161241465416], "p2": [350, 213], "p3": [300, 300], "p4": [213.29860560149825, 250.17161241465416]}, {"shape_type": "triangle", "color": [255, 127, 0], "free_edges": {"0": [[400, 300], [350, 387]], "1": [[350, 387], [300, 300]]}, "all_edges": {"0": [[400, 300], [350, 387]], "1": [[350, 387], [300, 300]], "2": [[300, 300], [400, 300]]}, "index": 2, "circles_attached": 0, "p1": [400, 300], "p2": [350, 387], "p3": [300, 300]}]]